,p_hat,CI_upper,CI_lower,num_exp
0,0.96,0.9984072934108424,0.9215927065891575,100.0
1,0.948,0.9755222494738303,0.9204777505261696,250.0
2,0.932,0.9540660959039116,0.9099339040960885,500.0
3,0.9453333333333334,0.9616027222828646,0.9290639443838021,750.0
4,0.951,0.9643793923473947,0.9376206076526052,1000.0
5,0.948,0.9592359112974111,0.9367640887025888,1500.0
6,0.953,0.9622753108313875,0.9437246891686124,2000.0
7,0.9432,0.9522730676820963,0.9341269323179038,2500.0
8,0.9526666666666667,0.9602654050657432,0.9450679282675901,3000.0
9,0.9471428571428572,0.9545555098799577,0.9397302044057566,3500.0
10,0.95125,0.9579234857932396,0.9445765142067605,4000.0
11,0.9484444444444444,0.9549052328543679,0.9419836560345209,4500.0
12,0.95,0.9560410147158067,0.9439589852841932,5000.0
13,0.9423636363636364,0.9485228361606416,0.9362044365666312,5500.0
14,0.9403333333333334,0.9463268162208489,0.9343398504458178,6000.0
15,0.9558461538461539,0.9608403969802157,0.9508519107120921,6500.0
16,0.9492857142857143,0.9544257093287479,0.9441457192426806,7000.0
17,0.9406666666666667,0.9460133530464804,0.9353199802868529,7500.0
18,0.944,0.9490382893810445,0.9389617106189554,8000.0
19,0.9415294117647058,0.9465173871914717,0.93654143633794,8500.0
20,0.9444444444444444,0.9491768155267126,0.9397120733621762,9000.0
21,0.9475789473684211,0.9520606894389757,0.9430972052978664,9500.0
22,0.948,0.9523516497334337,0.9436483502665662,10000.0
